image_0374.jpg,31,18,231,130,motorcycle
image_0267.jpg,34,26,235,151,motorcycle
image_0800.jpg,17,332,1014,747,car
image_0027.jpg,59,101,938,652,car
image_0222.jpg,13,21,493,362,car
image_0517.jpg,44,26,219,127,motorcycle
image_0484.jpg,37,25,224,128,motorcycle
image_0369.jpg,75,126,523,425,car
image_0601.jpg,50,91,609,395,car
image_0186.jpg,29,128,599,391,car
image_0393.jpg,35,18,229,123,motorcycle
image_0659.jpg,35,30,229,141,motorcycle
image_0678.jpg,74,143,555,413,car
image_0571.jpg,121,241,916,559,car
image_0446.jpg,34,22,229,131,motorcycle
image_0215.jpg,43,30,221,134,motorcycle
image_0403.jpg,46,58,217,139,motorcycle
image_0209.jpg,15,74,625,413,car
image_0353.jpg,39,36,226,147,motorcycle
image_0375.jpg,10,132,492,327,car
image_0675.jpg,39,27,234,147,motorcycle
image_0057.jpg,56,68,605,407,car
image_0397.jpg,65,33,485,351,car
image_0775.jpg,43,21,229,122,motorcycle
image_0711.jpg,33,24,228,144,motorcycle
image_0510.jpg,9,42,254,145,car
image_0033.jpg,39,46,575,349,car
image_0163.jpg,130,88,1086,646,car
image_0349.jpg,47,77,577,404,car
image_0100.jpg,33,70,234,164,car
image_0755.jpg,38,18,232,130,motorcycle
image_0201.jpg,53,59,268,173,car
image_0577.jpg,143,98,610,445,car
image_0436.jpg,40,23,227,127,motorcycle
image_0059.jpg,33,21,233,149,motorcycle
image_0443.jpg,42,23,223,125,motorcycle
image_0070.jpg,33,23,232,148,motorcycle
image_0567.jpg,116,170,757,445,car
image_0134.jpg,34,22,226,133,motorcycle
image_0018.jpg,113,66,554,369,car
image_0599.jpg,30,16,226,135,motorcycle
image_0183.jpg,34,46,230,161,motorcycle
image_0351.jpg,37,54,367,262,car
image_0601.jpg,33,13,231,108,motorcycle
image_0138.jpg,36,25,233,147,motorcycle
image_0636.jpg,33,60,226,170,motorcycle
image_0026.jpg,36,27,240,158,motorcycle
image_0261.jpg,39,8,231,128,motorcycle
image_0379.jpg,63,91,578,420,car
image_0437.jpg,20,32,249,170,car
image_0404.jpg,34,32,230,150,motorcycle
image_0566.jpg,33,33,225,123,motorcycle
image_0127.jpg,151,114,607,417,car
image_0317.jpg,43,35,233,137,motorcycle
image_0207.jpg,37,22,229,132,motorcycle
image_0752.jpg,44,37,222,160,motorcycle
image_0139.jpg,36,30,228,165,motorcycle
image_0100.jpg,31,17,231,122,motorcycle
image_0441.jpg,76,71,479,242,car
image_0011.jpg,31,19,233,135,motorcycle
image_0654.jpg,32,35,228,145,motorcycle
image_0113.jpg,37,24,234,164,motorcycle
image_0201.jpg,26,15,233,139,motorcycle
image_0327.jpg,20,85,625,304,car
image_0570.jpg,65,110,649,398,car
image_0009.jpg,1,7,275,183,car
image_0789.jpg,35,27,223,117,motorcycle
image_0461.jpg,37,23,225,136,motorcycle
image_0292.jpg,28,97,409,227,car
image_0036.jpg,32,16,230,113,motorcycle
image_0522.jpg,101,61,932,637,car
image_0174.jpg,35,22,225,147,motorcycle
image_0373.jpg,32,24,228,132,motorcycle
image_0128.jpg,33,22,231,137,motorcycle
image_0430.jpg,35,19,226,134,motorcycle
image_0577.jpg,32,75,228,177,motorcycle
image_0368.jpg,40,40,239,172,motorcycle
image_0101.jpg,33,22,231,149,motorcycle
image_0184.jpg,34,24,226,133,motorcycle
image_0380.jpg,51,32,233,129,motorcycle
image_0194.jpg,104,180,916,563,car
image_0359.jpg,25,41,588,419,car
image_0385.jpg,36,32,227,146,motorcycle
image_0464.jpg,40,25,223,125,motorcycle
image_0281.jpg,35,29,336,301,car
image_0067.jpg,17,37,544,290,car
image_0338.jpg,32,21,232,146,motorcycle
image_0787.jpg,67,123,583,331,car
image_0609.jpg,10,52,155,121,car
image_0466.jpg,17,50,290,179,car
image_0038.jpg,32,18,233,137,motorcycle
image_0593.jpg,38,25,220,155,motorcycle
image_0389.jpg,39,29,226,147,motorcycle
image_0550.jpg,18,33,235,128,car
image_0047.jpg,32,18,232,133,motorcycle
image_0649.jpg,5,47,590,346,car
image_0161.jpg,35,31,233,155,motorcycle
image_0176.jpg,34,21,229,118,motorcycle
image_0046.jpg,90,177,659,425,car
image_0102.jpg,32,18,230,152,motorcycle
image_0083.jpg,31,142,307,279,car
image_0292.jpg,32,22,230,164,motorcycle
image_0639.jpg,83,83,1183,734,car
image_0447.jpg,180,47,1184,719,car
image_0527.jpg,34,21,230,129,motorcycle
image_0622.jpg,69,46,345,228,car
image_0677.jpg,52,40,209,154,motorcycle
image_0764.jpg,34,29,230,139,motorcycle
image_0407.jpg,17,49,614,461,car
image_0533.jpg,77,171,505,389,car
image_0461.jpg,21,24,490,279,car
image_0723.jpg,34,60,229,158,motorcycle
image_0782.jpg,33,27,230,141,motorcycle
image_0170.jpg,44,14,588,448,car
image_0089.jpg,82,95,970,596,car
image_0010.jpg,28,55,241,177,car
image_0592.jpg,33,30,282,150,car
image_0396.jpg,34,20,230,128,motorcycle
image_0038.jpg,13,56,215,143,car
image_0049.jpg,33,16,231,111,motorcycle
image_0376.jpg,34,26,227,140,motorcycle
image_0282.jpg,12,101,637,383,car
image_0549.jpg,42,36,218,142,motorcycle
image_0166.jpg,33,107,609,372,car
image_0526.jpg,36,31,224,142,motorcycle
image_0210.jpg,29,84,367,251,car
image_0705.jpg,33,58,230,156,motorcycle
image_0108.jpg,32,21,233,137,motorcycle
image_0424.jpg,35,25,225,141,motorcycle
image_0628.jpg,32,25,226,140,motorcycle
image_0088.jpg,33,16,229,120,motorcycle
image_0707.jpg,33,46,229,145,motorcycle
image_0029.jpg,43,67,386,340,car
image_0013.jpg,1,42,495,313,car
image_0171.jpg,36,112,653,297,car
image_0725.jpg,61,51,490,270,car
image_0719.jpg,38,48,225,163,motorcycle
image_0283.jpg,38,16,229,128,motorcycle
image_0073.jpg,57,109,951,675,car
image_0761.jpg,34,44,223,145,motorcycle
image_0762.jpg,36,25,224,136,motorcycle
image_0756.jpg,66,44,906,636,car
image_0566.jpg,75,123,839,471,car
image_0016.jpg,80,116,359,250,car
image_0657.jpg,33,20,229,135,motorcycle
image_0757.jpg,28,33,626,286,car
image_0299.jpg,40,21,226,131,motorcycle
image_0757.jpg,42,46,226,146,motorcycle
image_0507.jpg,41,184,695,541,car
image_0703.jpg,40,24,229,131,motorcycle
image_0186.jpg,44,39,215,165,motorcycle
image_0488.jpg,37,24,223,130,motorcycle
image_0476.jpg,21,53,426,310,car
image_0515.jpg,32,43,229,150,motorcycle
image_0701.jpg,42,25,231,132,motorcycle
image_0518.jpg,229,284,1205,943,car
image_0111.jpg,30,14,231,122,motorcycle
image_0289.jpg,74,70,971,675,car
image_0731.jpg,39,56,228,157,motorcycle
image_0634.jpg,109,94,409,258,car
image_0231.jpg,42,58,228,160,car
image_0789.jpg,1,47,160,105,car
image_0004.jpg,67,84,581,407,car
image_0135.jpg,33,22,230,125,motorcycle
image_0519.jpg,29,25,229,136,motorcycle
image_0341.jpg,101,34,406,375,car
image_0332.jpg,5,132,497,305,car
image_0103.jpg,82,77,1044,660,car
image_0387.jpg,34,58,226,153,motorcycle
image_0141.jpg,12,56,398,297,car
image_0300.jpg,266,167,645,437,car
image_0308.jpg,35,30,226,149,motorcycle
image_0487.jpg,36,22,222,128,motorcycle
image_0693.jpg,56,78,433,305,car
image_0261.jpg,39,72,602,403,car
image_0469.jpg,47,117,701,357,car
image_0717.jpg,37,60,224,164,motorcycle
image_0085.jpg,38,114,619,345,car
image_0276.jpg,51,135,928,435,car
image_0217.jpg,34,35,228,167,motorcycle
image_0765.jpg,173,187,416,307,car
image_0744.jpg,39,32,226,149,motorcycle
image_0735.jpg,41,56,225,153,motorcycle
image_0797.jpg,48,54,211,150,motorcycle
image_0647.jpg,41,29,219,142,motorcycle
image_0209.jpg,34,21,230,150,motorcycle
image_0095.jpg,214,491,1324,838,car
image_0041.jpg,116,136,679,449,car
image_0624.jpg,141,112,650,439,car
image_0241.jpg,67,134,772,458,car
image_0185.jpg,1,51,276,149,car
image_0417.jpg,3,58,397,230,car
image_0066.jpg,56,136,965,561,car
image_0046.jpg,34,21,233,177,motorcycle
image_0728.jpg,49,52,225,150,motorcycle
image_0137.jpg,64,187,959,617,car
image_0264.jpg,29,105,514,257,car
image_0295.jpg,38,25,232,151,motorcycle
image_0539.jpg,31,17,256,166,car
image_0614.jpg,90,185,694,375,car
image_0680.jpg,3,55,786,442,car
image_0706.jpg,21,19,267,185,car
image_0492.jpg,22,115,431,324,car
image_0265.jpg,37,24,227,134,motorcycle
image_0309.jpg,35,24,227,146,motorcycle
image_0396.jpg,42,53,546,390,car
image_0178.jpg,6,115,547,362,car
image_0152.jpg,307,262,987,518,car
image_0515.jpg,196,343,1384,775,car
image_0217.jpg,219,479,1077,808,car
image_0340.jpg,85,107,564,390,car
image_0076.jpg,11,13,84,60,car
image_0556.jpg,38,26,236,131,motorcycle
image_0146.jpg,37,25,232,139,motorcycle
image_0044.jpg,15,58,254,195,car
image_0119.jpg,361,347,1189,747,car
image_0064.jpg,38,23,232,141,motorcycle
image_0213.jpg,166,28,642,483,car
image_0532.jpg,23,107,313,326,car
image_0738.jpg,71,404,1215,827,car
image_0007.jpg,33,16,230,121,motorcycle
image_0372.jpg,138,203,878,510,car
image_0727.jpg,12,21,313,205,car
image_0792.jpg,35,23,231,124,motorcycle
image_0587.jpg,42,39,224,138,motorcycle
image_0692.jpg,33,91,619,356,car
image_0278.jpg,62,43,988,638,car
image_0563.jpg,38,20,227,119,motorcycle
image_0161.jpg,58,104,516,278,car
image_0366.jpg,34,39,221,162,motorcycle
image_0102.jpg,11,39,296,200,car
image_0705.jpg,76,330,869,625,car
image_0298.jpg,11,45,254,157,car
image_0361.jpg,39,35,227,150,motorcycle
image_0017.jpg,31,17,232,125,motorcycle
image_0093.jpg,34,25,228,120,motorcycle
image_0167.jpg,34,22,226,137,motorcycle
image_0629.jpg,33,64,556,309,car
image_0060.jpg,41,150,602,331,car
image_0574.jpg,37,61,225,150,motorcycle
image_0772.jpg,54,87,730,385,car
image_0344.jpg,37,21,226,129,motorcycle
image_0343.jpg,144,43,630,410,car
image_0253.jpg,62,120,946,704,car
image_0062.jpg,32,24,235,147,motorcycle
image_0476.jpg,37,31,226,149,motorcycle
image_0736.jpg,38,52,226,162,motorcycle
image_0590.jpg,45,53,220,159,motorcycle
image_0113.jpg,156,87,1160,741,car
image_0266.jpg,41,188,602,357,car
image_0370.jpg,39,29,234,153,motorcycle
image_0010.jpg,32,18,233,127,motorcycle
image_0629.jpg,28,24,228,138,motorcycle
image_0245.jpg,33,25,230,157,motorcycle
image_0576.jpg,35,34,231,129,motorcycle
image_0219.jpg,35,5,198,114,car
image_0252.jpg,36,25,229,142,motorcycle
image_0421.jpg,36,23,228,138,motorcycle
image_0236.jpg,15,18,575,245,car
image_0456.jpg,37,22,222,113,motorcycle
image_0216.jpg,39,31,225,136,motorcycle
image_0295.jpg,277,118,800,369,car
image_0290.jpg,26,19,230,140,motorcycle
image_0724.jpg,36,63,226,168,motorcycle
image_0071.jpg,33,24,234,130,motorcycle
image_0429.jpg,46,23,221,125,motorcycle
image_0671.jpg,78,126,529,408,car
image_0493.jpg,34,23,227,128,motorcycle
image_0254.jpg,35,29,232,148,motorcycle
image_0092.jpg,112,53,570,360,car
image_0114.jpg,54,66,483,292,car
image_0411.jpg,33,17,228,127,motorcycle
image_0524.jpg,36,23,230,136,motorcycle
image_0061.jpg,32,23,239,152,motorcycle
image_0794.jpg,44,26,581,395,car
image_0776.jpg,37,21,230,148,motorcycle
image_0643.jpg,36,31,223,156,motorcycle
image_0034.jpg,32,18,230,131,motorcycle
image_0115.jpg,34,23,231,144,motorcycle
image_0345.jpg,41,72,1022,738,car
image_0750.jpg,1,199,797,539,car
image_0243.jpg,38,22,230,135,motorcycle
image_0494.jpg,38,23,226,139,motorcycle
image_0562.jpg,35,47,227,149,motorcycle
image_0192.jpg,36,22,229,138,motorcycle
image_0346.jpg,165,255,1390,968,car
image_0049.jpg,17,139,484,335,car
image_0699.jpg,38,21,231,130,motorcycle
image_0722.jpg,34,40,230,161,motorcycle
image_0202.jpg,1,67,500,277,car
image_0012.jpg,14,21,242,156,car
image_0452.jpg,34,19,230,127,motorcycle
image_0270.jpg,53,39,600,417,car
image_0375.jpg,41,29,242,137,motorcycle
image_0551.jpg,39,20,218,128,motorcycle
image_0304.jpg,65,85,548,420,car
image_0008.jpg,119,215,1153,719,car
image_0739.jpg,10,146,623,411,car
image_0117.jpg,33,25,229,152,motorcycle
image_0149.jpg,17,84,899,420,car
image_0671.jpg,39,11,229,137,motorcycle
image_0315.jpg,13,211,624,427,car
image_0060.jpg,35,25,234,144,motorcycle
image_0620.jpg,36,32,213,136,motorcycle
image_0024.jpg,1,26,160,89,car
image_0181.jpg,16,63,598,372,car
image_0572.jpg,139,120,581,419,car
image_0086.jpg,33,24,230,120,motorcycle
image_0534.jpg,38,30,228,158,motorcycle
image_0606.jpg,36,26,223,153,motorcycle
image_0478.jpg,12,38,309,194,car
image_0189.jpg,34,26,234,137,motorcycle
image_0157.jpg,23,17,252,164,car
image_0634.jpg,36,50,226,141,motorcycle
image_0211.jpg,26,37,572,429,car
image_0734.jpg,11,94,394,247,car
image_0285.jpg,18,152,783,455,car
image_0075.jpg,33,92,596,436,car
image_0586.jpg,44,215,566,389,car
image_0580.jpg,32,28,230,144,motorcycle
image_0069.jpg,32,24,232,167,motorcycle
image_0120.jpg,14,63,275,188,car
image_0298.jpg,41,26,226,159,motorcycle
image_0581.jpg,72,104,548,395,car
image_0583.jpg,56,64,474,323,car
image_0227.jpg,1,46,446,322,car
image_0098.jpg,1,42,595,432,car
image_0331.jpg,40,28,228,161,motorcycle
image_0051.jpg,33,14,231,115,motorcycle
image_0323.jpg,44,42,225,140,motorcycle
image_0301.jpg,19,36,264,146,car
image_0364.jpg,186,252,775,531,car
image_0494.jpg,29,65,619,419,car
image_0099.jpg,34,22,230,116,motorcycle
image_0435.jpg,66,54,296,186,car
image_0114.jpg,38,22,230,157,motorcycle
image_0502.jpg,23,65,629,452,car
image_0756.jpg,35,40,228,129,motorcycle
image_0377.jpg,36,84,567,371,car
image_0710.jpg,74,123,560,357,car
image_0388.jpg,35,22,230,137,motorcycle
image_0312.jpg,35,29,234,129,motorcycle
image_0027.jpg,37,24,233,146,motorcycle
image_0053.jpg,12,10,634,318,car
image_0378.jpg,37,23,234,135,motorcycle
image_0431.jpg,108,68,645,379,car
image_0676.jpg,40,24,228,137,motorcycle
image_0363.jpg,72,73,348,303,car
image_0254.jpg,298,264,1319,876,car
image_0560.jpg,35,23,228,130,motorcycle
image_0153.jpg,37,32,235,158,motorcycle
image_0552.jpg,46,44,218,145,motorcycle
image_0406.jpg,33,23,222,116,motorcycle
image_0235.jpg,40,57,412,260,car
image_0463.jpg,21,75,385,243,car
image_0383.jpg,30,54,236,182,car
image_0455.jpg,84,120,494,365,car
image_0358.jpg,9,48,579,410,car
image_0792.jpg,78,187,959,560,car
image_0662.jpg,36,25,225,137,motorcycle
image_0258.jpg,39,80,606,393,car
image_0690.jpg,36,41,262,197,car
image_0130.jpg,35,22,233,141,motorcycle
image_0355.jpg,43,40,223,150,motorcycle
image_0791.jpg,44,41,221,154,motorcycle
image_0221.jpg,196,79,581,328,car
image_0584.jpg,42,47,223,168,car
image_0302.jpg,37,6,228,128,motorcycle
image_0090.jpg,32,91,582,360,car
image_0763.jpg,36,23,228,138,motorcycle
image_0575.jpg,48,43,221,138,motorcycle
image_0082.jpg,34,15,231,113,motorcycle
image_0595.jpg,41,42,226,152,motorcycle
image_0348.jpg,38,26,229,144,motorcycle
image_0039.jpg,22,39,547,250,car
image_0240.jpg,37,22,233,150,motorcycle
image_0498.jpg,24,16,230,175,car
image_0106.jpg,24,33,397,225,car
image_0471.jpg,12,68,292,212,car
image_0237.jpg,47,26,232,136,motorcycle
image_0702.jpg,25,157,584,415,car
image_0356.jpg,8,21,492,270,car
image_0736.jpg,84,380,1543,895,car
image_0232.jpg,43,36,609,355,car
image_0080.jpg,6,99,624,381,car
image_0535.jpg,34,22,225,128,motorcycle
image_0360.jpg,50,111,602,351,car
image_0741.jpg,39,24,225,149,motorcycle
image_0398.jpg,37,60,227,162,motorcycle
image_0490.jpg,9,69,195,130,car
image_0588.jpg,41,42,236,156,motorcycle
image_0283.jpg,5,49,255,164,car
image_0488.jpg,2,19,300,179,car
image_0091.jpg,34,23,230,129,motorcycle
image_0683.jpg,26,31,227,146,motorcycle
image_0094.jpg,34,18,229,116,motorcycle
image_0543.jpg,40,55,509,337,car
image_0404.jpg,47,101,965,692,car
image_0529.jpg,50,62,233,144,car
image_0433.jpg,22,10,450,226,car
image_0127.jpg,32,22,231,143,motorcycle
image_0076.jpg,38,20,238,155,motorcycle
image_0222.jpg,33,27,234,147,motorcycle
image_0273.jpg,61,34,1009,752,car
image_0708.jpg,51,160,834,490,car
image_0438.jpg,44,164,629,378,car
image_0030.jpg,38,24,235,138,motorcycle
image_0269.jpg,36,18,606,455,car
image_0168.jpg,37,20,228,134,motorcycle
image_0643.jpg,56,120,505,404,car
image_0590.jpg,19,14,335,252,car
image_0155.jpg,32,20,233,130,motorcycle
image_0536.jpg,29,41,1007,733,car
image_0445.jpg,21,7,272,166,car
image_0229.jpg,42,25,234,125,motorcycle
image_0465.jpg,40,25,224,126,motorcycle
image_0376.jpg,1,10,259,181,car
image_0326.jpg,35,21,231,145,motorcycle
image_0673.jpg,35,26,230,136,motorcycle
image_0267.jpg,17,29,422,202,car
image_0326.jpg,65,130,555,318,car
image_0193.jpg,158,87,859,589,car
image_0384.jpg,36,24,223,123,motorcycle
image_0774.jpg,354,299,1261,810,car
image_0149.jpg,31,24,229,139,motorcycle
image_0707.jpg,26,82,472,306,car
image_0738.jpg,37,55,226,165,motorcycle
image_0395.jpg,20,70,959,619,car
image_0037.jpg,32,16,230,112,motorcycle
image_0367.jpg,13,114,790,487,car
image_0628.jpg,43,59,1022,721,car
image_0607.jpg,22,23,426,226,car
image_0529.jpg,36,23,227,141,motorcycle
image_0179.jpg,26,128,990,598,car
image_0456.jpg,44,106,387,290,car
image_0322.jpg,32,38,227,168,motorcycle
image_0771.jpg,36,30,231,121,motorcycle
image_0196.jpg,37,23,234,153,motorcycle
image_0518.jpg,44,44,209,141,motorcycle
image_0257.jpg,79,146,1529,993,car
image_0126.jpg,58,56,477,279,car
image_0032.jpg,178,316,1345,1132,car
image_0170.jpg,33,32,231,149,motorcycle
image_0778.jpg,1,31,259,153,car
image_0598.jpg,33,60,231,152,motorcycle
image_0794.jpg,47,44,218,133,motorcycle
image_0153.jpg,117,90,545,362,car
image_0356.jpg,35,24,226,132,motorcycle
image_0493.jpg,43,39,569,379,car
image_0277.jpg,50,86,487,301,car
image_0687.jpg,38,81,496,277,car
image_0402.jpg,49,51,209,127,motorcycle
image_0224.jpg,11,84,623,402,car
image_0040.jpg,32,24,235,139,motorcycle
image_0672.jpg,148,126,480,324,car
image_0197.jpg,143,79,613,332,car
image_0560.jpg,1,18,424,207,car
image_0755.jpg,17,102,284,175,car
image_0347.jpg,85,43,731,324,car
image_0310.jpg,176,186,1191,819,car
image_0398.jpg,241,436,1366,1108,car
image_0614.jpg,36,22,230,128,motorcycle
image_0271.jpg,36,20,230,126,motorcycle
image_0530.jpg,35,19,217,125,motorcycle
image_0168.jpg,49,114,615,471,car
image_0686.jpg,129,137,909,485,car
image_0781.jpg,28,26,288,212,car
image_0631.jpg,31,367,1033,633,car
image_0500.jpg,29,17,231,141,motorcycle
image_0625.jpg,36,25,226,138,motorcycle
image_0255.jpg,77,69,285,168,car
image_0621.jpg,94,74,607,325,car
image_0730.jpg,18,29,421,261,car
image_0020.jpg,31,17,234,139,motorcycle
image_0426.jpg,174,211,904,770,car
image_0099.jpg,47,115,920,614,car
image_0719.jpg,37,39,560,402,car
image_0422.jpg,39,23,223,141,motorcycle
image_0407.jpg,34,16,232,108,motorcycle
image_0341.jpg,40,24,223,147,motorcycle
image_0742.jpg,24,61,568,299,car
image_0525.jpg,36,22,228,125,motorcycle
image_0417.jpg,42,24,221,131,motorcycle
image_0653.jpg,33,29,227,134,motorcycle
image_0363.jpg,37,27,229,153,motorcycle
image_0244.jpg,38,15,234,116,motorcycle
image_0383.jpg,36,35,227,147,motorcycle
image_0546.jpg,39,33,224,142,motorcycle
image_0024.jpg,33,25,230,133,motorcycle
image_0371.jpg,39,73,764,394,car
image_0399.jpg,38,34,228,170,motorcycle
image_0043.jpg,168,172,877,592,car
image_0486.jpg,17,64,239,156,car
image_0733.jpg,38,54,227,159,motorcycle
image_0225.jpg,42,27,764,460,car
image_0391.jpg,53,41,282,140,car
image_0359.jpg,37,22,225,150,motorcycle
image_0659.jpg,16,63,241,172,car
image_0026.jpg,93,20,523,371,car
image_0582.jpg,37,21,227,127,motorcycle
image_0405.jpg,48,114,547,432,car
image_0235.jpg,43,13,233,171,motorcycle
image_0541.jpg,9,42,282,207,car
image_0420.jpg,65,91,596,409,car
image_0392.jpg,31,15,230,121,motorcycle
image_0521.jpg,42,48,224,152,motorcycle
image_0172.jpg,37,21,235,125,motorcycle
image_0178.jpg,34,23,226,142,motorcycle
image_0642.jpg,6,46,252,134,car
image_0195.jpg,67,164,607,439,car
image_0635.jpg,35,136,481,353,car
image_0630.jpg,34,42,230,133,motorcycle
image_0034.jpg,11,64,592,351,car
image_0182.jpg,39,18,276,190,car
image_0641.jpg,33,23,226,128,motorcycle
image_0650.jpg,37,18,228,110,motorcycle
image_0538.jpg,25,201,876,414,car
image_0700.jpg,40,28,232,136,motorcycle
image_0208.jpg,105,141,676,555,car
image_0784.jpg,34,25,229,139,motorcycle
image_0073.jpg,34,20,231,144,motorcycle
image_0468.jpg,41,55,150,148,car
image_0522.jpg,35,41,223,137,motorcycle
image_0724.jpg,47,135,565,341,car
image_0661.jpg,37,86,546,365,car
image_0443.jpg,6,143,495,320,car
image_0469.jpg,36,27,226,136,motorcycle
image_0718.jpg,23,2,640,495,car
image_0485.jpg,33,26,226,132,motorcycle
image_0496.jpg,37,48,222,146,motorcycle
image_0203.jpg,93,215,741,415,car
image_0165.jpg,52,253,1546,961,car
image_0317.jpg,24,74,431,266,car
image_0620.jpg,180,9,555,286,car
image_0558.jpg,40,30,220,137,motorcycle
image_0159.jpg,38,24,225,134,motorcycle
image_0501.jpg,47,109,595,389,car
image_0495.jpg,30,24,2179,1100,car
image_0521.jpg,16,54,300,146,car
image_0695.jpg,70,79,484,363,car
image_0765.jpg,37,46,229,163,motorcycle
image_0207.jpg,24,51,274,187,car
image_0309.jpg,186,355,1100,741,car
image_0252.jpg,68,1,560,419,car
image_0164.jpg,37,29,228,129,motorcycle
image_0121.jpg,47,164,1015,754,car
image_0796.jpg,47,40,217,141,motorcycle
image_0483.jpg,45,293,3648,2265,car
image_0498.jpg,32,21,229,133,motorcycle
image_0191.jpg,3,110,1189,686,car
image_0296.jpg,35,43,230,157,motorcycle
image_0136.jpg,34,18,230,113,motorcycle
image_0473.jpg,47,92,525,409,car
image_0210.jpg,41,24,225,140,motorcycle
image_0636.jpg,62,96,584,379,car
image_0072.jpg,239,210,1155,689,car
image_0336.jpg,8,13,251,163,car
image_0031.jpg,33,107,953,610,car
image_0234.jpg,85,15,735,488,car
image_0194.jpg,32,21,229,150,motorcycle
image_0713.jpg,33,35,230,164,motorcycle
image_0425.jpg,37,22,226,137,motorcycle
image_0475.jpg,33,21,228,134,motorcycle
image_0205.jpg,217,145,1345,931,car
image_0746.jpg,24,28,281,140,car
image_0528.jpg,34,24,225,151,motorcycle
image_0415.jpg,36,23,228,139,motorcycle
image_0604.jpg,300,253,1670,1011,car
image_0333.jpg,33,15,226,125,motorcycle
image_0158.jpg,37,126,614,363,car
image_0475.jpg,109,53,519,404,car
image_0652.jpg,98,308,1135,975,car
image_0715.jpg,11,52,318,212,car
image_0039.jpg,34,23,235,143,motorcycle
image_0448.jpg,268,414,2465,1619,car
image_0693.jpg,39,54,226,143,motorcycle
image_0648.jpg,63,23,759,560,car
image_0574.jpg,15,60,284,224,car
image_0423.jpg,39,25,222,133,motorcycle
image_0500.jpg,48,36,732,539,car
image_0472.jpg,34,332,1060,723,car
image_0109.jpg,31,21,230,137,motorcycle
image_0330.jpg,38,33,235,148,motorcycle
image_0343.jpg,36,27,223,142,motorcycle
image_0444.jpg,29,45,612,445,car
image_0293.jpg,205,108,2460,1712,car
image_0596.jpg,43,70,217,165,motorcycle
image_0190.jpg,24,51,252,168,car
image_0692.jpg,33,18,231,126,motorcycle
image_0015.jpg,50,103,569,403,car
image_0187.jpg,36,26,234,143,motorcycle
image_0523.jpg,161,443,812,861,car
image_0454.jpg,40,24,222,126,motorcycle
image_0533.jpg,35,78,222,192,motorcycle
image_0689.jpg,37,36,222,136,motorcycle
image_0181.jpg,35,30,230,137,motorcycle
image_0124.jpg,1,1,141,80,car
image_0690.jpg,33,37,228,152,motorcycle
image_0418.jpg,44,37,230,140,car
image_0023.jpg,32,18,230,135,motorcycle
image_0761.jpg,25,31,567,433,car
image_0713.jpg,62,116,940,734,car
image_0731.jpg,143,51,388,271,car
image_0669.jpg,26,34,259,167,car
image_0258.jpg,43,27,235,141,motorcycle
image_0011.jpg,30,20,438,253,car
image_0444.jpg,35,21,229,126,motorcycle
image_0042.jpg,35,23,234,146,motorcycle
image_0218.jpg,42,116,541,331,car
image_0385.jpg,17,48,284,147,car
image_0673.jpg,9,157,498,357,car
image_0112.jpg,121,293,820,580,car
image_0514.jpg,39,30,226,150,motorcycle
image_0223.jpg,56,46,600,432,car
image_0414.jpg,39,24,222,136,motorcycle
image_0684.jpg,39,16,233,152,motorcycle
image_0481.jpg,39,26,222,131,motorcycle
image_0129.jpg,35,17,228,118,motorcycle
image_0664.jpg,38,42,271,189,car
image_0139.jpg,144,235,531,474,car
image_0694.jpg,131,135,533,297,car
image_0611.jpg,37,55,229,174,motorcycle
image_0316.jpg,36,22,228,138,motorcycle
image_0154.jpg,129,265,1205,688,car
image_0664.jpg,31,17,230,111,motorcycle
image_0547.jpg,13,64,783,502,car
image_0556.jpg,39,41,223,148,car
image_0274.jpg,32,7,230,151,motorcycle
image_0001.jpg,30,52,246,147,car
image_0232.jpg,36,19,231,145,motorcycle
image_0412.jpg,12,132,633,471,car
image_0078.jpg,5,51,197,147,car
image_0751.jpg,36,60,228,174,motorcycle
image_0204.jpg,32,19,233,162,motorcycle
image_0717.jpg,3,12,495,317,car
image_0658.jpg,33,23,230,141,motorcycle
image_0241.jpg,34,17,230,135,motorcycle
image_0074.jpg,35,23,232,149,motorcycle
image_0746.jpg,35,22,228,124,motorcycle
image_0051.jpg,48,32,451,300,car
image_0297.jpg,35,28,229,147,motorcycle
image_0239.jpg,34,6,230,138,motorcycle
image_0035.jpg,33,22,234,136,motorcycle
image_0300.jpg,31,14,231,138,motorcycle
image_0115.jpg,109,327,938,648,car
image_0610.jpg,38,25,225,139,motorcycle
image_0672.jpg,34,24,229,147,motorcycle
image_0452.jpg,82,37,622,369,car
image_0004.jpg,30,15,231,132,motorcycle
image_0656.jpg,45,23,214,109,motorcycle
image_0078.jpg,41,29,239,147,motorcycle
image_0567.jpg,33,24,229,144,motorcycle
image_0179.jpg,32,20,229,121,motorcycle
image_0465.jpg,31,105,597,359,car
image_0162.jpg,35,22,235,135,motorcycle
image_0116.jpg,59,150,611,458,car
image_0549.jpg,36,78,999,615,car
image_0129.jpg,39,105,602,367,car
image_0642.jpg,36,23,225,138,motorcycle
image_0419.jpg,52,39,548,376,car
image_0103.jpg,32,27,230,151,motorcycle
image_0002.jpg,100,19,576,203,car
image_0783.jpg,98,159,482,342,car
image_0271.jpg,33,119,611,390,car
image_0584.jpg,33,43,218,152,motorcycle
image_0314.jpg,37,18,229,132,motorcycle
image_0441.jpg,41,21,223,125,motorcycle
image_0604.jpg,36,52,229,169,motorcycle
image_0306.jpg,37,22,233,140,motorcycle
image_0455.jpg,37,19,225,113,motorcycle
image_0007.jpg,249,166,2324,1459,car
image_0187.jpg,61,34,602,440,car
image_0537.jpg,37,37,230,163,motorcycle
image_0233.jpg,41,26,231,135,motorcycle
image_0740.jpg,42,142,411,301,car
image_0786.jpg,36,22,230,135,motorcycle
image_0082.jpg,16,14,145,106,car
image_0428.jpg,45,25,220,125,motorcycle
image_0568.jpg,27,9,206,111,car
image_0123.jpg,33,15,231,114,motorcycle
image_0256.jpg,39,16,234,117,motorcycle
image_0701.jpg,14,67,283,193,car
image_0313.jpg,34,20,237,140,motorcycle
image_0578.jpg,37,23,224,130,motorcycle
image_0154.jpg,54,44,208,130,motorcycle
image_0157.jpg,38,22,233,146,motorcycle
image_0777.jpg,187,95,1013,527,car
image_0683.jpg,1,1,261,141,car
image_0592.jpg,57,60,200,158,motorcycle
image_0077.jpg,36,31,234,142,motorcycle
image_0505.jpg,39,23,224,132,motorcycle
image_0412.jpg,37,25,218,146,motorcycle
image_0068.jpg,32,20,232,141,motorcycle
image_0474.jpg,22,10,647,400,car
image_0230.jpg,62,165,1007,548,car
image_0220.jpg,43,164,603,355,car
image_0054.jpg,35,21,234,143,motorcycle
image_0190.jpg,37,24,226,139,motorcycle
image_0275.jpg,83,37,500,387,car
image_0565.jpg,15,1,545,347,car
image_0605.jpg,37,20,359,266,car
image_0482.jpg,37,23,223,122,motorcycle
image_0293.jpg,47,21,224,126,motorcycle
image_0288.jpg,151,489,1954,1289,car
image_0368.jpg,16,78,310,203,car
image_0107.jpg,28,29,232,153,motorcycle
image_0768.jpg,34,20,228,123,motorcycle
image_0655.jpg,33,22,229,127,motorcycle
image_0432.jpg,38,79,616,441,car
image_0301.jpg,36,13,230,148,motorcycle
image_0279.jpg,8,86,445,268,car
image_0057.jpg,33,23,234,141,motorcycle
image_0048.jpg,32,15,231,115,motorcycle
image_0282.jpg,45,7,232,120,motorcycle
image_0762.jpg,25,120,617,361,car
image_0148.jpg,125,17,541,330,car
image_0564.jpg,30,41,235,153,car
image_0311.jpg,21,32,220,155,motorcycle
image_0185.jpg,43,24,226,131,motorcycle
image_0371.jpg,32,25,228,164,motorcycle
image_0234.jpg,34,19,226,135,motorcycle
image_0381.jpg,7,37,388,219,car
image_0540.jpg,7,121,635,357,car
image_0248.jpg,47,152,759,429,car
image_0291.jpg,34,21,229,126,motorcycle
image_0623.jpg,10,56,308,189,car
image_0539.jpg,41,29,214,152,motorcycle
image_0605.jpg,36,54,228,170,motorcycle
image_0663.jpg,11,66,244,169,car
image_0017.jpg,9,48,630,361,car
image_0355.jpg,13,49,394,232,car
image_0198.jpg,36,23,227,138,motorcycle
image_0402.jpg,148,123,546,395,car
image_0708.jpg,38,30,227,148,motorcycle
image_0688.jpg,121,184,724,487,car
image_0124.jpg,37,21,229,144,motorcycle
image_0427.jpg,61,82,422,302,car
image_0199.jpg,33,22,230,146,motorcycle
image_0740.jpg,47,30,220,129,motorcycle
image_0050.jpg,63,131,950,610,car
image_0215.jpg,47,161,569,366,car
image_0596.jpg,115,9,553,393,car
image_0759.jpg,32,34,227,145,motorcycle
image_0279.jpg,38,4,232,139,motorcycle
image_0466.jpg,39,25,222,127,motorcycle
image_0414.jpg,132,111,743,424,car
image_0183.jpg,27,82,618,400,car
image_0206.jpg,215,142,994,662,car
image_0796.jpg,118,48,456,217,car
image_0682.jpg,241,115,1449,1016,car
image_0354.jpg,38,28,225,151,motorcycle
image_0328.jpg,117,93,556,375,car
image_0479.jpg,249,162,634,347,car
image_0325.jpg,5,164,925,723,car
image_0286.jpg,60,71,671,378,car
image_0597.jpg,52,40,213,132,motorcycle
image_0681.jpg,36,30,228,156,motorcycle
image_0618.jpg,75,174,754,543,car
image_0006.jpg,20,77,420,301,car
image_0710.jpg,36,41,226,135,motorcycle
image_0790.jpg,63,176,573,400,car
image_0228.jpg,37,38,228,132,motorcycle
image_0313.jpg,19,24,286,171,car
image_0097.jpg,30,33,227,175,motorcycle
image_0019.jpg,32,16,232,130,motorcycle
image_0460.jpg,40,17,226,109,motorcycle
image_0504.jpg,43,23,222,123,motorcycle
image_0730.jpg,38,27,237,135,motorcycle
image_0663.jpg,34,17,230,119,motorcycle
image_0554.jpg,2,24,700,499,car
image_0061.jpg,3,1,291,209,car
image_0248.jpg,36,26,231,137,motorcycle
image_0570.jpg,38,25,226,123,motorcycle
image_0612.jpg,24,33,253,170,car
image_0569.jpg,47,77,619,450,car
image_0739.jpg,38,53,229,165,motorcycle
image_0575.jpg,93,514,1807,1008,car
image_0089.jpg,33,18,231,117,motorcycle
image_0197.jpg,31,23,232,133,motorcycle
image_0531.jpg,35,37,225,151,motorcycle
image_0012.jpg,32,19,232,141,motorcycle
image_0723.jpg,62,46,420,280,car
image_0284.jpg,27,9,226,148,motorcycle
image_0720.jpg,39,47,225,166,motorcycle
image_0612.jpg,37,23,224,151,motorcycle
image_0288.jpg,37,28,224,154,motorcycle
image_0350.jpg,36,20,233,128,motorcycle
image_0266.jpg,44,31,230,137,motorcycle
image_0365.jpg,33,23,229,140,motorcycle
image_0625.jpg,154,27,903,635,car
image_0485.jpg,2,147,627,384,car
image_0134.jpg,50,84,739,287,car
image_0602.jpg,135,429,915,762,car
image_0477.jpg,66,161,751,528,car
image_0647.jpg,143,105,1902,1395,car
image_0535.jpg,114,32,598,339,car
image_0184.jpg,38,68,426,224,car
image_0159.jpg,9,210,794,489,car
image_0626.jpg,38,25,223,141,motorcycle
image_0428.jpg,78,39,502,306,car
image_0477.jpg,34,23,230,129,motorcycle
image_0770.jpg,36,23,230,135,motorcycle
image_0251.jpg,36,25,220,144,motorcycle
image_0463.jpg,39,24,225,138,motorcycle
image_0684.jpg,111,54,365,190,car
image_0747.jpg,206,314,838,637,car
image_0253.jpg,34,29,225,158,motorcycle
image_0394.jpg,35,88,517,343,car
image_0276.jpg,31,12,240,131,motorcycle
image_0458.jpg,39,125,564,335,car
image_0750.jpg,36,58,229,174,motorcycle
image_0164.jpg,37,123,472,271,car
image_0088.jpg,91,11,547,328,car
image_0497.jpg,49,42,216,141,motorcycle
image_0795.jpg,44,38,216,135,motorcycle
image_0175.jpg,64,17,442,251,car
image_0632.jpg,42,25,223,124,motorcycle
image_0278.jpg,36,29,235,132,motorcycle
image_0668.jpg,37,25,224,131,motorcycle
image_0330.jpg,9,15,596,228,car
image_0753.jpg,39,63,228,180,motorcycle
image_0182.jpg,34,22,229,134,motorcycle
image_0487.jpg,17,26,281,148,car
image_0096.jpg,28,1,434,316,car
image_0464.jpg,86,332,989,565,car
image_0472.jpg,34,22,229,128,motorcycle
image_0652.jpg,36,25,228,125,motorcycle
image_0372.jpg,33,24,206,131,motorcycle
image_0445.jpg,36,23,226,129,motorcycle
image_0110.jpg,30,23,231,147,motorcycle
image_0265.jpg,107,49,963,734,car
image_0599.jpg,38,56,349,232,car
image_0014.jpg,32,18,233,126,motorcycle
image_0351.jpg,34,66,228,196,motorcycle
image_0611.jpg,43,85,703,538,car
image_0520.jpg,36,22,226,129,motorcycle
image_0107.jpg,20,57,996,748,car
image_0381.jpg,41,29,228,135,motorcycle
image_0679.jpg,35,26,227,134,motorcycle
image_0245.jpg,17,70,420,255,car
image_0547.jpg,49,24,223,129,motorcycle
image_0357.jpg,37,32,227,164,motorcycle
image_0044.jpg,32,25,235,146,motorcycle
image_0005.jpg,140,151,593,339,car
image_0581.jpg,35,27,227,156,motorcycle
image_0019.jpg,82,70,277,168,car
image_0125.jpg,34,18,232,123,motorcycle
image_0299.jpg,365,37,1444,869,car
image_0588.jpg,15,40,250,147,car
image_0702.jpg,38,23,231,135,motorcycle
image_0310.jpg,32,11,230,124,motorcycle
image_0793.jpg,45,49,220,154,motorcycle
image_0715.jpg,40,61,225,166,motorcycle
image_0403.jpg,39,134,631,391,car
image_0246.jpg,31,91,618,398,car
image_0312.jpg,44,292,732,544,car
image_0054.jpg,6,22,254,174,car
image_0324.jpg,14,50,334,223,car
image_0745.jpg,14,37,265,153,car
image_0079.jpg,32,1,231,139,motorcycle
image_0205.jpg,34,21,232,168,motorcycle
image_0374.jpg,66,51,766,555,car
image_0408.jpg,31,16,228,113,motorcycle
image_0386.jpg,38,23,226,124,motorcycle
image_0695.jpg,41,31,215,130,motorcycle
image_0188.jpg,7,57,255,159,car
image_0321.jpg,38,46,230,145,motorcycle
image_0028.jpg,36,27,232,146,motorcycle
image_0728.jpg,56,74,607,393,car
image_0580.jpg,2,104,300,203,car
image_0786.jpg,36,306,990,692,car
image_0459.jpg,41,161,449,337,car
image_0042.jpg,10,38,293,210,car
image_0798.jpg,42,33,218,140,motorcycle
image_0262.jpg,68,113,542,374,car
image_0751.jpg,25,56,229,173,car
image_0174.jpg,34,82,250,165,car
image_0623.jpg,33,20,231,132,motorcycle
image_0622.jpg,34,23,239,144,motorcycle
image_0173.jpg,34,26,229,147,motorcycle
image_0379.jpg,36,33,233,157,motorcycle
image_0787.jpg,31,18,232,132,motorcycle
image_0595.jpg,32,71,548,281,car
image_0348.jpg,11,65,240,174,car
image_0726.jpg,26,87,409,233,car
image_0528.jpg,17,233,777,471,car
image_0677.jpg,118,82,774,492,car
image_0481.jpg,38,36,250,153,car
image_0687.jpg,30,18,230,134,motorcycle
image_0366.jpg,37,157,576,453,car
image_0131.jpg,31,22,229,131,motorcycle
image_0246.jpg,39,23,233,144,motorcycle
image_0212.jpg,85,222,727,424,car
image_0638.jpg,37,68,228,164,motorcycle
image_0192.jpg,15,156,920,614,car
image_0770.jpg,19,38,259,181,car
image_0439.jpg,23,72,517,340,car
image_0255.jpg,38,27,236,144,motorcycle
image_0033.jpg,31,23,231,154,motorcycle
image_0774.jpg,33,23,230,132,motorcycle
image_0043.jpg,32,19,232,146,motorcycle
image_0669.jpg,39,41,223,159,motorcycle
image_0497.jpg,55,104,591,386,car
image_0072.jpg,34,19,227,139,motorcycle
image_0667.jpg,36,31,220,139,motorcycle
image_0388.jpg,1,8,300,182,car
image_0360.jpg,35,27,228,144,motorcycle
image_0055.jpg,31,25,233,144,motorcycle
image_0700.jpg,168,203,915,642,car
image_0769.jpg,37,20,228,125,motorcycle
image_0462.jpg,38,28,226,164,car
image_0272.jpg,18,1,578,474,car
image_0085.jpg,34,25,231,120,motorcycle
image_0058.jpg,109,41,548,301,car
image_0260.jpg,35,21,234,148,motorcycle
image_0767.jpg,35,122,613,399,car
image_0055.jpg,84,169,561,443,car
image_0772.jpg,41,39,211,149,motorcycle
image_0286.jpg,38,15,236,145,motorcycle
image_0131.jpg,5,51,257,147,car
image_0228.jpg,36,46,234,130,car
image_0781.jpg,34,31,230,156,motorcycle
image_0347.jpg,34,22,228,117,motorcycle
image_0703.jpg,37,79,825,391,car
image_0467.jpg,35,26,229,132,motorcycle
image_0218.jpg,38,23,219,131,motorcycle
image_0337.jpg,36,23,226,139,motorcycle
image_0656.jpg,51,1,561,273,car
image_0268.jpg,38,34,233,144,motorcycle
image_0798.jpg,286,238,1480,922,car
image_0660.jpg,30,51,257,160,car
image_0474.jpg,36,19,229,138,motorcycle
image_0091.jpg,47,38,259,155,car
image_0559.jpg,20,68,269,189,car
image_0551.jpg,115,78,559,375,car
image_0660.jpg,32,25,228,164,motorcycle
image_0378.jpg,63,36,700,450,car
image_0147.jpg,85,98,390,306,car
image_0392.jpg,16,94,625,442,car
image_0411.jpg,169,54,475,316,car
image_0608.jpg,41,29,221,140,motorcycle
image_0511.jpg,5,31,282,229,car
image_0797.jpg,31,205,2196,1377,car
image_0029.jpg,30,22,230,134,motorcycle
image_0749.jpg,58,51,584,292,car
image_0639.jpg,35,24,227,139,motorcycle
image_0651.jpg,60,90,904,616,car
image_0145.jpg,1,54,572,346,car
image_0480.jpg,39,25,222,139,motorcycle
image_0064.jpg,21,69,286,214,car
image_0171.jpg,34,25,230,153,motorcycle
image_0665.jpg,36,27,740,403,car
image_0416.jpg,43,21,226,136,motorcycle
image_0582.jpg,80,71,601,300,car
image_0697.jpg,37,22,231,137,motorcycle
image_0686.jpg,35,30,229,144,motorcycle
image_0346.jpg,58,21,228,130,motorcycle
image_0721.jpg,76,367,1207,1105,car
image_0031.jpg,30,15,233,129,motorcycle
image_0545.jpg,25,37,700,307,car
image_0448.jpg,34,25,225,135,motorcycle
image_0281.jpg,39,27,231,140,motorcycle
image_0658.jpg,58,68,559,265,car
image_0594.jpg,33,11,418,209,car
image_0227.jpg,38,24,226,143,motorcycle
image_0768.jpg,70,42,412,234,car
image_0619.jpg,31,81,230,171,motorcycle
image_0023.jpg,37,115,1561,1096,car
image_0561.jpg,38,25,227,128,motorcycle
image_0754.jpg,35,24,229,136,motorcycle
image_0617.jpg,19,39,223,156,car
image_0553.jpg,45,24,237,142,motorcycle
image_0716.jpg,20,193,926,734,car
image_0059.jpg,21,55,241,164,car
image_0779.jpg,19,20,630,451,car
image_0406.jpg,28,142,513,343,car
image_0401.jpg,40,22,227,122,motorcycle
image_0773.jpg,37,24,224,143,motorcycle
image_0735.jpg,190,52,513,367,car
image_0280.jpg,79,15,555,416,car
image_0169.jpg,18,50,243,138,car
image_0630.jpg,7,84,1019,640,car
image_0450.jpg,34,144,605,341,car
image_0318.jpg,83,55,465,324,car
image_0591.jpg,44,34,210,159,motorcycle
image_0354.jpg,165,168,469,364,car
image_0105.jpg,68,7,450,309,car
image_0668.jpg,118,29,520,397,car
image_0022.jpg,38,19,230,131,motorcycle
image_0714.jpg,40,62,223,164,motorcycle
image_0544.jpg,15,36,237,181,car
image_0600.jpg,35,16,230,112,motorcycle
image_0319.jpg,50,92,256,174,car
image_0130.jpg,27,74,774,449,car
image_0260.jpg,19,53,620,366,car
image_0423.jpg,51,281,965,686,car
image_0056.jpg,40,28,618,395,car
image_0213.jpg,41,30,221,148,motorcycle
image_0065.jpg,38,24,238,143,motorcycle
image_0427.jpg,43,22,222,128,motorcycle
image_0479.jpg,36,24,228,144,motorcycle
image_0557.jpg,39,23,229,123,motorcycle
image_0591.jpg,82,57,988,656,car
image_0419.jpg,46,21,222,127,motorcycle
image_0426.jpg,31,21,226,138,motorcycle
image_0691.jpg,51,87,563,398,car
image_0415.jpg,53,109,951,700,car
image_0725.jpg,37,52,229,155,motorcycle
image_0158.jpg,30,23,231,149,motorcycle
image_0712.jpg,33,29,219,144,motorcycle
image_0296.jpg,183,137,494,344,car
image_0771.jpg,29,89,607,383,car
image_0387.jpg,79,8,590,426,car
image_0598.jpg,37,53,409,263,car
image_0084.jpg,34,17,231,108,motorcycle
image_0555.jpg,40,26,231,143,motorcycle
image_0118.jpg,13,127,629,415,car
image_0655.jpg,120,139,506,386,car
image_0345.jpg,35,23,231,132,motorcycle
image_0280.jpg,38,12,240,155,motorcycle
image_0242.jpg,36,21,232,141,motorcycle
image_0676.jpg,52,122,594,411,car
image_0732.jpg,35,50,228,158,motorcycle
image_0160.jpg,33,25,231,145,motorcycle
image_0104.jpg,1,85,576,300,car
image_0564.jpg,42,2,233,136,motorcycle
image_0491.jpg,34,22,225,118,motorcycle
image_0196.jpg,348,600,1148,891,car
image_0569.jpg,37,24,226,127,motorcycle
image_0508.jpg,38,26,225,126,motorcycle
image_0532.jpg,36,39,226,150,motorcycle
image_0125.jpg,16,1,703,518,car
image_0176.jpg,31,58,614,341,car
image_0327.jpg,36,25,232,167,motorcycle
image_0117.jpg,5,42,494,298,car
image_0077.jpg,16,13,657,413,car
image_0237.jpg,55,10,274,135,car
image_0110.jpg,37,45,744,554,car
image_0651.jpg,38,29,231,157,motorcycle
image_0249.jpg,28,27,397,217,car
image_0275.jpg,31,17,230,133,motorcycle
image_0138.jpg,6,8,156,119,car
image_0250.jpg,27,22,232,127,motorcycle
image_0512.jpg,39,20,226,116,motorcycle
image_0480.jpg,69,178,985,623,car
image_0155.jpg,40,110,537,292,car
image_0362.jpg,34,13,225,125,motorcycle
image_0450.jpg,33,21,228,126,motorcycle
image_0074.jpg,19,50,599,367,car
image_0220.jpg,35,43,220,151,motorcycle
image_0013.jpg,34,18,232,132,motorcycle
image_0304.jpg,35,36,233,140,motorcycle
image_0501.jpg,46,23,217,125,motorcycle
image_0382.jpg,50,126,446,273,car
image_0216.jpg,93,137,901,686,car
image_0788.jpg,33,24,230,130,motorcycle
image_0400.jpg,29,18,231,131,motorcycle
image_0052.jpg,24,57,286,188,car
image_0136.jpg,61,103,751,472,car
image_0151.jpg,32,21,230,118,motorcycle
image_0593.jpg,21,110,627,367,car
image_0704.jpg,20,60,389,232,car
image_0096.jpg,35,19,229,126,motorcycle
image_0362.jpg,1,81,259,168,car
image_0303.jpg,38,22,233,141,motorcycle
image_0619.jpg,217,179,585,369,car
image_0573.jpg,9,44,230,134,car
image_0637.jpg,33,38,229,172,motorcycle
image_0467.jpg,14,53,622,310,car
image_0509.jpg,103,137,553,398,car
image_0688.jpg,40,32,229,155,motorcycle
image_0259.jpg,36,25,597,423,car
image_0583.jpg,33,32,227,144,motorcycle
image_0175.jpg,36,14,234,146,motorcycle
image_0349.jpg,36,19,230,145,motorcycle
image_0173.jpg,111,97,673,377,car
image_0250.jpg,22,128,1156,857,car
image_0503.jpg,99,100,700,501,car
image_0109.jpg,79,100,1344,700,car
image_0393.jpg,48,146,609,402,car
image_0156.jpg,217,277,1366,895,car
image_0661.jpg,48,42,227,156,motorcycle
image_0380.jpg,11,51,497,324,car
image_0548.jpg,2,1,584,474,car
image_0589.jpg,35,21,227,143,motorcycle
image_0624.jpg,38,21,229,113,motorcycle
image_0002.jpg,32,15,232,142,motorcycle
image_0035.jpg,10,22,492,316,car
image_0618.jpg,40,48,221,145,motorcycle
image_0358.jpg,39,29,224,124,motorcycle
image_0499.jpg,140,55,504,410,car
image_0065.jpg,6,7,482,425,car
image_0526.jpg,14,56,388,243,car
image_0262.jpg,33,16,234,140,motorcycle
image_0607.jpg,34,55,227,169,motorcycle
image_0530.jpg,45,160,540,296,car
image_0670.jpg,45,36,219,130,motorcycle
image_0040.jpg,109,66,907,723,car
image_0635.jpg,33,23,229,120,motorcycle
image_0242.jpg,86,92,560,355,car
image_0617.jpg,37,40,220,143,motorcycle
image_0743.jpg,178,160,729,519,car
image_0323.jpg,12,31,489,226,car
image_0557.jpg,17,10,263,122,car
image_0145.jpg,40,17,218,108,motorcycle
image_0087.jpg,344,156,1352,998,car
image_0747.jpg,39,38,222,148,motorcycle
image_0405.jpg,34,14,229,107,motorcycle
image_0306.jpg,1,15,253,123,car
image_0268.jpg,67,36,417,259,car
image_0005.jpg,31,19,232,145,motorcycle
image_0322.jpg,35,146,593,339,car
image_0457.jpg,31,20,226,119,car
image_0523.jpg,33,24,229,143,motorcycle
image_0525.jpg,110,266,921,569,car
image_0650.jpg,42,52,679,446,car
image_0699.jpg,31,250,1268,785,car
image_0251.jpg,112,30,486,329,car
image_0097.jpg,9,31,380,215,car
image_0482.jpg,144,82,581,344,car
image_0709.jpg,34,29,217,146,motorcycle
image_0093.jpg,70,110,759,506,car
image_0224.jpg,34,26,228,149,motorcycle
image_0080.jpg,32,12,230,125,motorcycle
image_0434.jpg,212,395,1655,996,car
image_0627.jpg,40,232,544,444,car
image_0453.jpg,6,73,295,197,car
image_0416.jpg,37,74,600,419,car
image_0058.jpg,33,24,237,148,motorcycle
image_0680.jpg,36,24,229,151,motorcycle
image_0524.jpg,35,98,932,636,car
image_0022.jpg,11,65,484,304,car
image_0662.jpg,61,56,536,425,car
image_0721.jpg,39,46,226,162,motorcycle
image_0573.jpg,34,48,229,152,motorcycle
image_0732.jpg,56,12,679,508,car
image_0519.jpg,65,319,1148,771,car
image_0674.jpg,37,20,225,138,motorcycle
image_0020.jpg,25,56,569,416,car
image_0397.jpg,35,52,228,162,motorcycle
image_0050.jpg,33,22,234,116,motorcycle
image_0458.jpg,35,22,229,128,motorcycle
image_0729.jpg,52,134,531,309,car
image_0627.jpg,36,24,226,142,motorcycle
image_0718.jpg,38,50,224,171,motorcycle
image_0146.jpg,30,85,609,397,car
image_0410.jpg,30,21,226,138,motorcycle
image_0457.jpg,38,23,223,116,motorcycle
image_0167.jpg,3,150,589,373,car
image_0081.jpg,31,2,233,140,motorcycle
image_0785.jpg,33,21,231,130,motorcycle
image_0223.jpg,22,26,229,156,motorcycle
image_0763.jpg,7,65,257,158,car
image_0638.jpg,11,101,633,411,car
image_0510.jpg,42,38,226,157,motorcycle
image_0047.jpg,22,174,951,604,car
image_0682.jpg,2,28,198,138,motorcycle
image_0369.jpg,44,33,239,151,motorcycle
image_0052.jpg,31,26,232,145,motorcycle
image_0048.jpg,47,95,848,622,car
image_0364.jpg,32,24,226,125,motorcycle
image_0334.jpg,29,8,233,144,motorcycle
image_0508.jpg,14,56,299,157,car
image_0318.jpg,33,39,224,161,motorcycle
image_0506.jpg,73,97,605,422,car
image_0350.jpg,17,123,277,213,car
image_0726.jpg,42,61,227,162,motorcycle
image_0212.jpg,35,24,226,126,motorcycle
image_0517.jpg,13,22,304,236,car
image_0432.jpg,36,27,227,142,motorcycle
image_0734.jpg,39,54,229,163,motorcycle
image_0460.jpg,10,192,798,528,car
image_0748.jpg,17,20,213,146,motorcycle
image_0633.jpg,40,23,224,125,motorcycle
image_0087.jpg,35,16,231,109,motorcycle
image_0263.jpg,33,20,232,141,motorcycle
image_0084.jpg,200,44,518,207,car
image_0305.jpg,34,25,232,127,motorcycle
image_0335.jpg,8,23,236,158,car
image_0429.jpg,12,33,379,268,car
image_0075.jpg,32,22,232,141,motorcycle
image_0321.jpg,9,94,261,195,car
image_0307.jpg,31,16,226,137,motorcycle
image_0637.jpg,30,75,463,318,car
image_0608.jpg,54,93,2269,938,car
image_0442.jpg,21,16,292,186,car
image_0352.jpg,25,16,532,227,car
image_0079.jpg,144,117,871,527,car
image_0333.jpg,51,48,213,172,car
image_0108.jpg,157,291,848,525,car
image_0616.jpg,18,58,253,182,car
image_0538.jpg,38,47,225,158,motorcycle
image_0269.jpg,29,6,231,140,motorcycle
image_0685.jpg,42,29,222,135,motorcycle
image_0009.jpg,31,18,231,133,motorcycle
image_0092.jpg,33,19,231,126,motorcycle
image_0568.jpg,35,21,229,138,motorcycle
image_0537.jpg,33,80,282,209,car
image_0754.jpg,35,15,632,452,car
image_0106.jpg,32,21,231,133,motorcycle
image_0645.jpg,15,105,466,258,car
image_0610.jpg,35,89,608,391,car
image_0239.jpg,58,160,661,442,car
image_0542.jpg,59,48,225,139,motorcycle
image_0418.jpg,40,25,222,132,motorcycle
image_0704.jpg,34,44,227,149,motorcycle
image_0433.jpg,34,23,230,140,motorcycle
image_0579.jpg,39,32,224,134,motorcycle
image_0559.jpg,35,8,226,139,motorcycle
image_0764.jpg,11,14,132,95,car
image_0644.jpg,43,106,614,350,car
image_0221.jpg,61,47,210,141,motorcycle
image_0238.jpg,38,24,234,150,motorcycle
image_0748.jpg,241,478,1441,973,car
image_0277.jpg,19,12,217,156,motorcycle
image_0214.jpg,39,35,227,122,motorcycle
image_0615.jpg,33,26,228,153,motorcycle
image_0339.jpg,531,244,908,529,car
image_0018.jpg,32,14,232,135,motorcycle
image_0733.jpg,128,466,1367,817,car
image_0621.jpg,24,23,228,149,motorcycle
image_0316.jpg,90,233,1172,766,car
image_0578.jpg,37,91,575,350,car
image_0632.jpg,6,87,255,173,car
image_0585.jpg,41,29,227,131,motorcycle
image_0758.jpg,38,39,224,148,motorcycle
image_0502.jpg,35,43,222,150,motorcycle
image_0737.jpg,44,79,976,626,car
image_0716.jpg,38,59,226,162,motorcycle
image_0273.jpg,36,6,230,131,motorcycle
image_0449.jpg,37,59,675,361,car
image_0240.jpg,28,41,875,568,car
image_0438.jpg,42,23,219,122,motorcycle
image_0305.jpg,91,61,452,286,car
image_0152.jpg,34,28,227,166,motorcycle
image_0206.jpg,39,16,236,141,motorcycle
image_0357.jpg,103,11,439,288,car
image_0142.jpg,82,2,505,243,car
image_0021.jpg,33,20,231,135,motorcycle
image_0150.jpg,29,26,231,128,motorcycle
image_0454.jpg,14,38,241,170,car
image_0140.jpg,51,117,458,296,car
image_0616.jpg,28,19,231,136,motorcycle
image_0270.jpg,27,8,230,123,motorcycle
image_0679.jpg,38,23,219,159,car
image_0562.jpg,44,12,523,359,car
image_0490.jpg,38,22,222,127,motorcycle
image_0645.jpg,34,22,229,148,motorcycle
image_0420.jpg,41,23,224,134,motorcycle
image_0536.jpg,32,69,228,169,motorcycle
image_0649.jpg,34,28,222,139,motorcycle
image_0274.jpg,48,2,249,155,car
image_0361.jpg,11,46,469,282,car
image_0667.jpg,12,10,503,300,car
image_0062.jpg,38,51,225,163,car
image_0169.jpg,33,25,231,146,motorcycle
image_0083.jpg,34,16,229,109,motorcycle
image_0421.jpg,151,101,890,640,car
image_0389.jpg,81,397,1147,743,car
image_0506.jpg,41,29,238,142,motorcycle
image_0370.jpg,134,121,929,515,car
image_0247.jpg,36,25,231,145,motorcycle
image_0030.jpg,56,80,594,365,car
image_0483.jpg,37,23,226,127,motorcycle
image_0141.jpg,33,18,230,118,motorcycle
image_0422.jpg,25,3,631,433,car
image_0142.jpg,33,20,231,150,motorcycle
image_0382.jpg,37,31,229,150,motorcycle
image_0166.jpg,42,13,235,138,motorcycle
image_0244.jpg,7,81,450,282,car
image_0118.jpg,32,20,233,132,motorcycle
image_0324.jpg,39,31,221,118,motorcycle
image_0291.jpg,241,379,1016,731,car
image_0233.jpg,20,65,628,393,car
image_0180.jpg,20,131,758,447,car
image_0400.jpg,73,84,944,590,car
image_0104.jpg,32,17,231,129,motorcycle